Path,Mask Path,Species,LAB Color
flowers/astilbe/10091895024_a2ea04cda6_c.jpg,,astilbe,
flowers/astilbe/1052219251_d03970e956_c.jpg,,astilbe,
flowers/astilbe/14495221492_56a9c0d932_c.jpg,,astilbe,
flowers/astilbe/150953577_a1a1281336_c.jpg,,astilbe,
flowers/astilbe/156167434_8d419ffc03_c.jpg,,astilbe,
flowers/astilbe/19811535_82ec45117e_c.jpg,,astilbe,
flowers/astilbe/20164440_97ec1fd3d6_c.jpg,,astilbe,
flowers/astilbe/20164473_a9a6ca035e_c.jpg,,astilbe,
flowers/astilbe/20972594356_16b8c4c11c_c.jpg,,astilbe,
flowers/astilbe/221278257_eb5e05030b_c.jpg,,astilbe,
flowers/astilbe/2495084070_e7903a7a79_c.jpg,,astilbe,
flowers/astilbe/2573868373_83be150bf7_c.jpg,,astilbe,
flowers/astilbe/2574073605_2d2a4ddb2d_c.jpg,,astilbe,
flowers/astilbe/2629356513_90e0e87839_c.jpg,,astilbe,
flowers/astilbe/2642812497_75d4fb495d_c.jpg,,astilbe,
flowers/astilbe/2685032517_5c549425dd_c.jpg,,astilbe,
flowers/astilbe/26922602863_d7a5487445_c.jpg,,astilbe,
flowers/astilbe/2706238810_ca29c4baea_c.jpg,,astilbe,
flowers/astilbe/27701562400_e3e76c062f_c.jpg,,astilbe,
flowers/astilbe/27855772991_3156b6e23a_c.jpg,,astilbe,
flowers/astilbe/27866952981_ccfeeabb70_c.jpg,,astilbe,
flowers/astilbe/3412244993_6464f09f65_c.jpg,,astilbe,
flowers/astilbe/3412271629_c43d3c5180_c.jpg,,astilbe,
flowers/astilbe/3413068294_01e053c652_c.jpg,,astilbe,
flowers/astilbe/34434871773_1449933567_c.jpg,,astilbe,
flowers/astilbe/35444109020_096dc06c11_c.jpg,,astilbe,
flowers/astilbe/3633874480_8b5b6fb714_c.jpg,,astilbe,
flowers/astilbe/3738739100_88641f5f9e_c.jpg,,astilbe,
flowers/astilbe/3842956447_e72ea84431_c.jpg,,astilbe,
flowers/astilbe/4201608957_0222762a8f_c.jpg,,astilbe,
flowers/astilbe/42583425772_a0b3d7bb02_c.jpg,,astilbe,
flowers/astilbe/43855187644_12ef258769_c.jpg,,astilbe,
flowers/astilbe/46601251712_6cf97aca64_c.jpg,,astilbe,
flowers/astilbe/4666900908_97ef1f06ce_c.jpg,,astilbe,
flowers/astilbe/46744374371_abc46eb47d_c.jpg,,astilbe,
flowers/astilbe/4690022027_6b9b0f0bb5_c.jpg,,astilbe,
flowers/astilbe/4762758746_72eaac60df_c.jpg,,astilbe,
flowers/astilbe/48106967998_06a104da34_c.jpg,,astilbe,
flowers/astilbe/48175106186_0541839512_c.jpg,,astilbe,
flowers/astilbe/48175184372_c5ffe67975_c.jpg,,astilbe,
flowers/astilbe/48190019056_7721f6b82e_c.jpg,,astilbe,
flowers/astilbe/4824376712_58d18b1952_c.jpg,,astilbe,
flowers/astilbe/48513563826_dd3ce69df5_c.jpg,,astilbe,
flowers/astilbe/48617575532_9cae85e0c0_c.jpg,,astilbe,
flowers/astilbe/50052286417_750f6b9661_c.jpg,,astilbe,
flowers/astilbe/50071399497_1cf088d39a_c.jpg,,astilbe,
flowers/astilbe/50694936226_f017c6878c_c.jpg,,astilbe,
flowers/astilbe/50922840468_cfdfffdfa7_c.jpg,,astilbe,
flowers/astilbe/51127792011_20ef019c4a_c.jpg,,astilbe,
flowers/astilbe/51131533111_e67582fdb3_c.jpg,,astilbe,
flowers/astilbe/51241745000_3b0b8baf7d_c.jpg,,astilbe,
flowers/astilbe/51292995550_6d9e3a1e37_c.jpg,,astilbe,
flowers/astilbe/51722357471_248842ae41_c.jpg,,astilbe,
flowers/astilbe/5737631308_d3769e95cb_c.jpg,,astilbe,
flowers/astilbe/5840574416_2d2a660f3d_c.jpg,,astilbe,
flowers/astilbe/6008400719_e17be67ffc_c.jpg,,astilbe,
flowers/astilbe/6782908187_4b84018e2e_c.jpg,,astilbe,
flowers/astilbe/6837958490_2af08ca80c_c.jpg,,astilbe,
flowers/astilbe/6984073935_5a0e769d40_c.jpg,,astilbe,
flowers/astilbe/6984074459_141edf4cf5_c.jpg,,astilbe,
flowers/astilbe/6984083417_da4d632c2e_c.jpg,,astilbe,
flowers/astilbe/6994669152_45d9583b5c_c.jpg,,astilbe,
flowers/astilbe/7124413157_24d2956f18_c.jpg,,astilbe,
flowers/astilbe/7460969160_c95fd58910_c.jpg,,astilbe,
flowers/astilbe/7522640674_028b1f0fe1_c.jpg,,astilbe,
flowers/astilbe/7632597158_41ddab3bcb_c.jpg,,astilbe,
flowers/astilbe/7822691720_54539f55ac_c.jpg,,astilbe,
flowers/astilbe/7928796468_b928a4b5b0_c.jpg,,astilbe,
flowers/astilbe/8314415403_63ef5fd3dd_c.jpg,,astilbe,
flowers/astilbe/9006094057_0ccb8474cd_c.jpg,,astilbe,
flowers/astilbe/9273027266_4f35177dc7_c.jpg,,astilbe,
flowers/astilbe/9294084654_3155260dff_c.jpg,,astilbe,
flowers/astilbe/9328521461_880d98c17c_c.jpg,,astilbe,
flowers/astilbe/9359242111_9bfff2c328_c.jpg,,astilbe,
flowers/bellflower/13990160569_7cffed1dd7_c.jpg,,bellflower,
flowers/bellflower/1442215460_f0c56421f3_c.jpg,,bellflower,
flowers/bellflower/15019472535_2489ba52ce_c.jpg,,bellflower,
flowers/bellflower/17557029100_bef9aae124_c.jpg,,bellflower,
flowers/bellflower/21414850915_0eee451d6a_c.jpg,,bellflower,
flowers/bellflower/35485777771_05e7331f11_c.jpg,,bellflower,
flowers/bellflower/47961174587_ef9b0c50b5_c.jpg,,bellflower,
flowers/bellflower/48056194676_064c00ebaf_c.jpg,,bellflower,
flowers/bellflower/48093318378_5d9536285e_c.jpg,,bellflower,
flowers/bellflower/4857239591_c0fa5cfe5c_c.jpg,,bellflower,
flowers/bellflower/50451191462_5ebedd0541_c.jpg,,bellflower,
flowers/bellflower/5048367006_4f391567d0_c.jpg,,bellflower,
flowers/bellflower/50753330293_106098b3b1_c.jpg,,bellflower,
flowers/bellflower/51346399500_94eab35b88_c.jpg,,bellflower,
flowers/bellflower/5906336814_021a9a208d_c.jpg,,bellflower,
flowers/bellflower/5937874371_f8d7b5a203_c.jpg,,bellflower,
flowers/bellflower/6478760167_c16cca9ae2_c.jpg,,bellflower,
flowers/bellflower/9556362024_eb2d3dda1b_c.jpg,,bellflower,
flowers/black_eyed_susan/15057521378_21047b3c27_c.jpg,,black_eyed_susan,
flowers/black_eyed_susan/20583689595_1b93a09326_c.jpg,,black_eyed_susan,
flowers/black_eyed_susan/2659554736_cc6cf42b83_c.jpg,,black_eyed_susan,
flowers/black_eyed_susan/28116466353_be458e7abd_c.jpg,,black_eyed_susan,
flowers/black_eyed_susan/28360181603_12f4b56a8e_c.jpg,,black_eyed_susan,
flowers/black_eyed_susan/28467085002_3a69b9c798_c.jpg,,black_eyed_susan,
flowers/black_eyed_susan/28605494741_6ecdd10bd3_c.jpg,,black_eyed_susan,
flowers/black_eyed_susan/2906433082_214ebfe3bc_c.jpg,,black_eyed_susan,
flowers/black_eyed_susan/2906433692_a4854039c7_c.jpg,,black_eyed_susan,
flowers/black_eyed_susan/7270615022_7b0302e061_c.jpg,,black_eyed_susan,
flowers/black_eyed_susan/9845073664_53ec5c4c66_c.jpg,,black_eyed_susan,
flowers/calendula/11620887414_b1ee649a78_c.jpg,,calendula,
flowers/calendula/13662356443_e029b05aec_c.jpg,,calendula,
flowers/calendula/15214149296_d617c37bdc_c.jpg,,calendula,
flowers/calendula/20885073323_6103e8a25e_c.jpg,,calendula,
flowers/calendula/32356595907_9a458ccd2b_c.jpg,,calendula,
flowers/calendula/36263623902_80fca260a5_c.jpg,,calendula,
flowers/calendula/4610200621_23ec382ea6_c.jpg,,calendula,
flowers/calendula/48097259976_6e3cdc3bb2_c.jpg,,calendula,
flowers/calendula/48097442831_c40e65db4d_c.jpg,,calendula,
flowers/calendula/48775699473_c6efae0b02_c.jpg,,calendula,
flowers/calendula/48908754033_ccea492f76_c.jpg,,calendula,
flowers/calendula/51891408983_1dc82e2fd1_c.jpg,,calendula,
flowers/calendula/820809842_4c1d8dbaa5_c.jpg,,calendula,
flowers/calendula/9161549019_cfe6e96c19_c.jpg,,calendula,
flowers/calendula/9381444099_75b75655ff_c.jpg,,calendula,
flowers/california_poppy/14014596473_b6f659ea4d_c.jpg,,california_poppy,
flowers/california_poppy/14079216318_92fd555672_c.jpg,,california_poppy,
flowers/california_poppy/14305334257_ce145d2ae7_c.jpg,,california_poppy,
flowers/california_poppy/18093237542_f57a0e98ab_c.jpg,,california_poppy,
flowers/california_poppy/25367529706_15ddb00832_c.jpg,,california_poppy,
flowers/california_poppy/25952834180_8a2a0a0a13_c.jpg,,california_poppy,
flowers/california_poppy/28271779461_9934811aed_c.jpg,,california_poppy,
flowers/california_poppy/28722006845_8a2f2d56cf_c.jpg,,california_poppy,
flowers/california_poppy/29561088036_1080326334_c.jpg,,california_poppy,
flowers/california_poppy/33364807562_f5a1cde834_c.jpg,,california_poppy,
flowers/california_poppy/3436784916_ac5ee20535_c.jpg,,california_poppy,
flowers/california_poppy/34788090186_268d269b4f_c.jpg,,california_poppy,
flowers/california_poppy/35181714524_51cff61fb6_c.jpg,,california_poppy,
flowers/california_poppy/37545309741_117203209f_c.jpg,,california_poppy,
flowers/california_poppy/40367747792_e58ed11e7e_c.jpg,,california_poppy,
flowers/california_poppy/41660612891_a2cd68006a_c.jpg,,california_poppy,
flowers/california_poppy/4433639133_455cfb28ba_c.jpg,,california_poppy,
flowers/california_poppy/4559933137_0266a76edc_c.jpg,,california_poppy,
flowers/california_poppy/47329010762_7a703767f0_c.jpg,,california_poppy,
flowers/california_poppy/48800909896_9b72b0afe0_c.jpg,,california_poppy,
flowers/california_poppy/49919520391_01a7b64d95_c.jpg,,california_poppy,
flowers/california_poppy/49944285626_3dc05e4218_c.jpg,,california_poppy,
flowers/california_poppy/50085839097_c6eeeb7338_c.jpg,,california_poppy,
flowers/california_poppy/50131659953_b5e505ba75_c.jpg,,california_poppy,
flowers/california_poppy/50132444492_838ffeea72_c.jpg,,california_poppy,
flowers/california_poppy/50156559917_13075fb3df_c.jpg,,california_poppy,
flowers/california_poppy/50780639697_f3fa63346a_c.jpg,,california_poppy,
flowers/california_poppy/5090187603_fe4e2dc2fb_c.jpg,,california_poppy,
flowers/california_poppy/50940039273_9b4a9a642d_c.jpg,,california_poppy,
flowers/california_poppy/51267959419_ae1e022824_c.jpg,,california_poppy,
flowers/california_poppy/51270044794_79df50d670_c.jpg,,california_poppy,
flowers/california_poppy/51390018151_4ef31230df_c.jpg,,california_poppy,
flowers/california_poppy/51456023822_4c4dde97fa_c.jpg,,california_poppy,
flowers/california_poppy/51827161047_71b926f8f4_c.jpg,,california_poppy,
flowers/california_poppy/5350885628_61f9b8eddd_c.jpg,,california_poppy,
flowers/california_poppy/5648868292_b88b00530e_c.jpg,,california_poppy,
flowers/california_poppy/7188125534_7a03f9f431_c.jpg,,california_poppy,
flowers/california_poppy/8740782371_2ecb0e7da2_c.jpg,,california_poppy,
flowers/california_poppy/9242100120_1e7de3761f_c.jpg,,california_poppy,
flowers/carnation/11937841315_59200fb822_c.jpg,,carnation,
flowers/carnation/13963512458_b29b60a4f0_c.jpg,,carnation,
flowers/carnation/14367868356_df7315f253_c.jpg,,carnation,
flowers/carnation/17052714462_433e0b92b3_c.jpg,,carnation,
flowers/carnation/21506288435_31b5f75da7_c.jpg,,carnation,
flowers/carnation/2177508349_74ddd28808_c.jpg,,carnation,
flowers/carnation/2343169063_5a639abcc7_c.jpg,,carnation,
flowers/carnation/26074029_c20e349a2a_c.jpg,,carnation,
flowers/carnation/2694176340_9d8bf8215a_c.jpg,,carnation,
flowers/carnation/26958803492_b746e15a7f_c.jpg,,carnation,
flowers/carnation/2896649343_a1cf268212_c.jpg,,carnation,
flowers/carnation/2912206014_a60c51f038_c.jpg,,carnation,
flowers/carnation/2995491602_3611c83f71_c.jpg,,carnation,
flowers/carnation/32207781224_78e68896f5_c.jpg,,carnation,
flowers/carnation/3229072679_a0501a07de_c.jpg,,carnation,
flowers/carnation/323955246_b1c859a60a_c.jpg,,carnation,
flowers/carnation/33009077861_483270df56_c.jpg,,carnation,
flowers/carnation/3387626316_40afc6929d_c.jpg,,carnation,
flowers/carnation/3536667638_271f5c2f78_c.jpg,,carnation,
flowers/carnation/3667297709_51ce01bfb2_c.jpg,,carnation,
flowers/carnation/401620270_e7d505577c_c.jpg,,carnation,
flowers/carnation/401620272_cd3f202f0a_c.jpg,,carnation,
flowers/carnation/4035072079_8bbf689d0b_c.jpg,,carnation,
flowers/carnation/414411361_906b5f4677_c.jpg,,carnation,
flowers/carnation/421884436_2f9670a846_c.jpg,,carnation,
flowers/carnation/43377939401_62da260ffb_c.jpg,,carnation,
flowers/carnation/48150128342_fb28e1f2e7_c.jpg,,carnation,
flowers/carnation/498072698_787288db65_c.jpg,,carnation,
flowers/carnation/517758754_67d070c810_c.jpg,,carnation,
flowers/carnation/5487040658_245fab18ff_c.jpg,,carnation,
flowers/carnation/5499923882_f2a1ec720b_c.jpg,,carnation,
flowers/carnation/5599517825_7858a17380_c.jpg,,carnation,
flowers/carnation/5601420216_6b7f77bc7c_c.jpg,,carnation,
flowers/carnation/6659924359_8549209b91_c.jpg,,carnation,
flowers/carnation/6817973208_414258b237_c.jpg,,carnation,
flowers/carnation/7186783749_4566ac8941_c.jpg,,carnation,
flowers/carnation/8161071422_ccf8998817_c.jpg,,carnation,
flowers/common_daisy/13843195915_f28fb17d5e_c.jpg,,common_daisy,
flowers/common_daisy/13843215313_b716eca309_c.jpg,,common_daisy,
flowers/common_daisy/14343929280_c7d6104e3b_c.jpg,,common_daisy,
flowers/common_daisy/14622161315_67b043bc16_c.jpg,,common_daisy,
flowers/common_daisy/14627610265_5d4afea099_c.jpg,,common_daisy,
flowers/common_daisy/14746618574_83cdedb087_c.jpg,,common_daisy,
flowers/common_daisy/18335265944_a99f524438_c.jpg,,common_daisy,
flowers/common_daisy/18771615509_62a890dec8_c.jpg,,common_daisy,
flowers/common_daisy/18938364082_d6afd4ff8f_c.jpg,,common_daisy,
flowers/common_daisy/18952467312_4bbda92599_c.jpg,,common_daisy,
flowers/common_daisy/18960768861_b2b0b02a16_c.jpg,,common_daisy,
flowers/common_daisy/2464437135_069fcd8df9_c.jpg,,common_daisy,
flowers/common_daisy/25579582812_da75fdedc9_c.jpg,,common_daisy,
flowers/common_daisy/26078883492_5d1df66982_c.jpg,,common_daisy,
flowers/common_daisy/26282777951_0dcfefca6b_c.jpg,,common_daisy,
flowers/common_daisy/33727545143_064ce7c6f0_c.jpg,,common_daisy,
flowers/common_daisy/43759929494_e97f512eaf_c.jpg,,common_daisy,
flowers/common_daisy/4615163144_13d8f9f1c9_c.jpg,,common_daisy,
flowers/common_daisy/4730369871_c47558d452_c.jpg,,common_daisy,
flowers/common_daisy/4738807436_a48d572f2d_c.jpg,,common_daisy,
flowers/common_daisy/475681151_afdfd9e2f7_c.jpg,,common_daisy,
flowers/common_daisy/4785901757_0e8e7f5645_c.jpg,,common_daisy,
flowers/common_daisy/48092892048_a30868ec17_c.jpg,,common_daisy,
flowers/common_daisy/48204816941_d31f0c2b16_c.jpg,,common_daisy,
flowers/common_daisy/50007814731_772676afbb_c.jpg,,common_daisy,
flowers/common_daisy/50057264406_cdc3d02cbc_c.jpg,,common_daisy,
flowers/common_daisy/51216428297_2f0e4b401e_c.jpg,,common_daisy,
flowers/common_daisy/51828393701_04caef298e_c.jpg,,common_daisy,
flowers/common_daisy/5507654320_cc960e77e5_c.jpg,,common_daisy,
flowers/common_daisy/7011169817_a45043a4f7_c.jpg,,common_daisy,
flowers/common_daisy/7073808141_5475af06d1_c.jpg,,common_daisy,
flowers/common_daisy/7073808971_13b3f5f832_c.jpg,,common_daisy,
flowers/common_daisy/7350779550_976d66c764_c.jpg,,common_daisy,
flowers/common_daisy/8158433853_b4bfa84296_c.jpg,,common_daisy,
flowers/coreopsis/43588104530_5632eb0e8a_c.jpg,,coreopsis,
flowers/daffodil/1311207269_c3e3b97a1f_c.jpg,,daffodil,
flowers/daffodil/1312089146_a78c6d637d_c.jpg,,daffodil,
flowers/daffodil/25364052543_ab779288b6_c.jpg,,daffodil,
flowers/daffodil/32999312888_5bbb881fa7_c.jpg,,daffodil,
flowers/daffodil/33801624751_f14d2a708c_c.jpg,,daffodil,
flowers/daffodil/41129437055_4d09613c0e_c.jpg,,daffodil,
flowers/daffodil/41283220382_1593c01573_c.jpg,,daffodil,
flowers/dandelion/10284624196_c1a45321c1_c.jpg,,dandelion,
flowers/dandelion/10351092886_7ceca8f675_c.jpg,,dandelion,
flowers/dandelion/13636517735_7145148ddf_c.jpg,,dandelion,
flowers/dandelion/14029151827_d321f9430f_c.jpg,,dandelion,
flowers/dandelion/14164868606_d1e38c9ab1_c.jpg,,dandelion,
flowers/dandelion/14212211326_43c6bff75d_c.jpg,,dandelion,
flowers/dandelion/14855655681_48fa9f2d06_c.jpg,,dandelion,
flowers/dandelion/14858708932_b068b014c7_c.jpg,,dandelion,
flowers/dandelion/15379417345_4b1765c71f_c.jpg,,dandelion,
flowers/dandelion/17412878262_719f40dc80_c.jpg,,dandelion,
flowers/dandelion/17649140814_d614df70d1_c.jpg,,dandelion,
flowers/dandelion/18033617135_c5e18a3063_c.jpg,,dandelion,
flowers/dandelion/18894804492_1f88e243ff_c.jpg,,dandelion,
flowers/dandelion/21701555240_50a051e8a7_c.jpg,,dandelion,
flowers/dandelion/2417938403_39565da8a5_c.jpg,,dandelion,
flowers/dandelion/2442625834_be2aa12496_c.jpg,,dandelion,
flowers/dandelion/25289294733_0ae6bea5e8_c.jpg,,dandelion,
flowers/dandelion/26306264980_51004a353a_c.jpg,,dandelion,
flowers/dandelion/27295009145_e62d0b1fec_c.jpg,,dandelion,
flowers/dandelion/27307080135_05d583ae26_c.jpg,,dandelion,
flowers/dandelion/27510089567_f23c3e14c0_c.jpg,,dandelion,
flowers/dandelion/27973340458_32bb28fe00_c.jpg,,dandelion,
flowers/dandelion/28171281238_6b10afa427_c.jpg,,dandelion,
flowers/dandelion/29048920845_98eb17a29a_c.jpg,,dandelion,
flowers/dandelion/2919434989_d07917ef0d_c.jpg,,dandelion,
flowers/dandelion/30207686668_2b2d4cea09_c.jpg,,dandelion,
flowers/dandelion/32737873637_2c2d154203_c.jpg,,dandelion,
flowers/dandelion/329520344_9de3bc2904_c.jpg,,dandelion,
flowers/dandelion/34353356522_9b1b953aaf_c.jpg,,dandelion,
flowers/dandelion/34529077821_954ed1f008_c.jpg,,dandelion,
flowers/dandelion/34616382633_401ac4c34e_c.jpg,,dandelion,
flowers/dandelion/34649005991_a10077555a_c.jpg,,dandelion,
flowers/dandelion/3494909182_59791e141f_c.jpg,,dandelion,
flowers/dandelion/3573206846_165eb171d9_c.jpg,,dandelion,
flowers/dandelion/3614810266_8d04815b37_c.jpg,,dandelion,
flowers/dandelion/37289267765_ce9f033ce4_c.jpg,,dandelion,
flowers/dandelion/40715261485_9beafd65e9_c.jpg,,dandelion,
flowers/dandelion/40796926513_dfe9a80984_c.jpg,,dandelion,
flowers/dandelion/41742410392_ddc884651a_c.jpg,,dandelion,
flowers/dandelion/42010026582_d000ce7237_c.jpg,,dandelion,
flowers/dandelion/42147011272_fc10e57be5_c.jpg,,dandelion,
flowers/dandelion/42147011602_57bb024b1a_c.jpg,,dandelion,
flowers/dandelion/42820409851_2ee979930e_c.jpg,,dandelion,
flowers/dandelion/43445638590_1a5f055eed_c.jpg,,dandelion,
flowers/dandelion/4559686615_36d22d63c7_c.jpg,,dandelion,
flowers/dandelion/4624026677_326db205cc_c.jpg,,dandelion,
flowers/dandelion/4628501647_67d367a6c7_c.jpg,,dandelion,
flowers/dandelion/46817320365_89d1c3159f_c.jpg,,dandelion,
flowers/dandelion/5653859796_a46db5339b_c.jpg,,dandelion,
flowers/dandelion/5691766730_ec85c749df_c.jpg,,dandelion,
flowers/dandelion/6999347774_99ddfc4722_c.jpg,,dandelion,
flowers/dandelion/7006277140_2d66bac0fa_c.jpg,,dandelion,
flowers/dandelion/7223014546_565d6e4be2_c.jpg,,dandelion,
flowers/dandelion/7280222348_a87725ca77_c.jpg,,dandelion,
flowers/dandelion/7280227122_7ea2bef7f4_c.jpg,,dandelion,
flowers/dandelion/7324892628_8dd7899ded_c.jpg,,dandelion,
flowers/dandelion/7685833220_814608bca0_c.jpg,,dandelion,
flowers/dandelion/7767544384_f3b73de634_c.jpg,,dandelion,
flowers/dandelion/7822037966_be2d0571b5_c.jpg,,dandelion,
flowers/dandelion/7866950072_6efe7653c0_c.jpg,,dandelion,
flowers/dandelion/8484725413_ae7a07cae7_c.jpg,,dandelion,
flowers/dandelion/8743844696_9ab040699a_c.jpg,,dandelion,
flowers/dandelion/8803742899_69105bde03_c.jpg,,dandelion,
flowers/dandelion/9434779463_18e055c48f_c.jpg,,dandelion,
flowers/dandelion/9505342427_e01d4f3b45_c.jpg,,dandelion,
flowers/dandelion/9988885434_b0bf2072b9_c.jpg,,dandelion,
flowers/iris/14875723953_fec56bdddf_c.jpg,,iris,
flowers/iris/34612656932_f6f0520a9a_c.jpg,,iris,
flowers/iris/507086677_ab2dd3521c_c.jpg,,iris,
flowers/iris/5829381519_6cd22962d6_c.jpg,,iris,
flowers/magnolia/10605906704_d7f4a6cf81_c.jpg,,magnolia,
flowers/magnolia/1159344727_e8df4b23ba_c.jpg,,magnolia,
flowers/magnolia/11787760063_80025e8fde_c.jpg,,magnolia,
flowers/magnolia/13167942754_7646724ab3_c.jpg,,magnolia,
flowers/magnolia/138383099_48b606d8ed_c.jpg,,magnolia,
flowers/magnolia/162073382_4642664f2f_c.jpg,,magnolia,
flowers/magnolia/17082817236_f407c4c65e_c.jpg,,magnolia,
flowers/magnolia/17289705002_f6a2768464_c.jpg,,magnolia,
flowers/magnolia/24453712144_7bca06209b_c.jpg,,magnolia,
flowers/magnolia/2464265664_8b5e155d77_c.jpg,,magnolia,
flowers/magnolia/24806721020_1d8fbf2480_c.jpg,,magnolia,
flowers/magnolia/25541095764_061b7a6d18_c.jpg,,magnolia,
flowers/magnolia/25783389290_51fb6090b4_c.jpg,,magnolia,
flowers/magnolia/26212534415_bf3cd7bee3_c.jpg,,magnolia,
flowers/magnolia/26236670450_7a6355567c_c.jpg,,magnolia,
flowers/magnolia/26301511877_0da496cd0e_c.jpg,,magnolia,
flowers/magnolia/26418187360_e62cdeb1e5_c.jpg,,magnolia,
flowers/magnolia/27058455268_4ba8b1b929_c.jpg,,magnolia,
flowers/magnolia/27114513020_ae5bd77e4b_c.jpg,,magnolia,
flowers/magnolia/27351882071_5e2c00f7f2_c.jpg,,magnolia,
flowers/magnolia/28539005_eb418dd80a_c.jpg,,magnolia,
flowers/magnolia/33314930971_fbc080c907_c.jpg,,magnolia,
flowers/magnolia/33465146694_39c91edff7_c.jpg,,magnolia,
flowers/magnolia/33679061030_5436d06548_c.jpg,,magnolia,
flowers/magnolia/33716834983_0fc1817fcd_c.jpg,,magnolia,
flowers/magnolia/3413729896_3d0b9f3d3f_c.jpg,,magnolia,
flowers/magnolia/34366552212_abd1224a31_c.jpg,,magnolia,
flowers/magnolia/34927556306_b24e99d63e_c.jpg,,magnolia,
flowers/magnolia/3663995675_f4a8d82288_c.jpg,,magnolia,
flowers/magnolia/37631747260_936baefe99_c.jpg,,magnolia,
flowers/magnolia/38887735_77a015b8dd_c.jpg,,magnolia,
flowers/magnolia/3956179299_9a2a059534_c.jpg,,magnolia,
flowers/magnolia/40516297825_3a815f5463_c.jpg,,magnolia,
flowers/magnolia/40533075644_cb431f8c1d_c.jpg,,magnolia,
flowers/magnolia/4073770792_c703b62aee_c.jpg,,magnolia,
flowers/magnolia/41526695521_dc927bfa1f_c.jpg,,magnolia,
flowers/magnolia/421445528_85130b8c31_c.jpg,,magnolia,
flowers/magnolia/43454492441_9b0de1d929_c.jpg,,magnolia,
flowers/magnolia/4495005912_394d69047a_c.jpg,,magnolia,
flowers/magnolia/460312812_15f4855d1d_c.jpg,,magnolia,
flowers/magnolia/46543653645_d8798c8676_c.jpg,,magnolia,
flowers/magnolia/46586252955_5b95345108_c.jpg,,magnolia,
flowers/magnolia/4689867265_88b9fefc05_c.jpg,,magnolia,
flowers/magnolia/47553322532_6a02342bee_c.jpg,,magnolia,
flowers/magnolia/48115563767_b759c0b4c3_c.jpg,,magnolia,
flowers/magnolia/49254605542_887d95657f_c.jpg,,magnolia,
flowers/magnolia/4929346290_9137d15ace_c.jpg,,magnolia,
flowers/magnolia/49522828847_9d0c1acf80_c.jpg,,magnolia,
flowers/magnolia/49644101913_4c4ca2edfd_c.jpg,,magnolia,
flowers/magnolia/49816281138_7c9bc300fb_c.jpg,,magnolia,
flowers/magnolia/49916850517_453bb47e06_c.jpg,,magnolia,
flowers/magnolia/50722720118_8b1f016f50_c.jpg,,magnolia,
flowers/magnolia/51065581257_82b46c57d1_c.jpg,,magnolia,
flowers/magnolia/51089421183_92eeb9408c_c.jpg,,magnolia,
flowers/magnolia/51092820685_7d049472ed_c.jpg,,magnolia,
flowers/magnolia/51096716852_c09f341414_c.jpg,,magnolia,
flowers/magnolia/51097426535_039aea0a65_c.jpg,,magnolia,
flowers/magnolia/51097427040_f834d047a7_c.jpg,,magnolia,
flowers/magnolia/51122094554_00852ffaec_c.jpg,,magnolia,
flowers/magnolia/51146327162_34422328ff_c.jpg,,magnolia,
flowers/magnolia/51345507749_a92c54f8b5_c.jpg,,magnolia,
flowers/magnolia/51358664480_6345457ab3_c.jpg,,magnolia,
flowers/magnolia/51451742990_1c13750162_c.jpg,,magnolia,
flowers/magnolia/51891568710_a2a226bc80_c.jpg,,magnolia,
flowers/magnolia/51933073426_8aab58dd45_c.jpg,,magnolia,
flowers/magnolia/51949894984_efb760fa3f_c.jpg,,magnolia,
flowers/magnolia/51966700108_0b438088c9_c.jpg,,magnolia,
flowers/magnolia/51990707971_3862cf91a9_c.jpg,,magnolia,
flowers/magnolia/52011015546_6f831eea39_c.jpg,,magnolia,
flowers/magnolia/5572080560_2f24bc92d3_c.jpg,,magnolia,
flowers/magnolia/5580314193_618839d75b_c.jpg,,magnolia,
flowers/magnolia/5666013715_8d59758ffe_c.jpg,,magnolia,
flowers/magnolia/6031712769_69d9f707d6_c.jpg,,magnolia,
flowers/magnolia/6894002064_433af9d51f_c.jpg,,magnolia,
flowers/magnolia/7053599073_5b1539697f_c.jpg,,magnolia,
flowers/magnolia/8658684079_86ec13ed1e_c.jpg,,magnolia,
flowers/rose/20524283050_8422ce270c_c.jpg,,rose,
flowers/rose/24573581100_bbbca17a00_c.jpg,,rose,
flowers/rose/24686794682_25852c29f5_c.jpg,,rose,
flowers/rose/2981783216_1e2e858a91_c.jpg,,rose,
flowers/rose/31849667555_4b8b3ee72f_c.jpg,,rose,
flowers/rose/34218736571_31c303e288_c.jpg,,rose,
flowers/rose/3666565506_52d109cd57_c.jpg,,rose,
flowers/rose/3854766262_5a97b829ee_c.jpg,,rose,
flowers/rose/6841548925_ba1149c089_c.jpg,,rose,
flowers/rose/8510993672_70293ff125_c.jpg,,rose,
flowers/rose/8706297454_421ac7f0bb_c.jpg,,rose,
flowers/sunflower/30691344138_fd45bb3155_c.jpg,,sunflower,
flowers/sunflower/4339629169_1fb6b07697_c.jpg,,sunflower,
flowers/sunflower/4813320214_0b78efbc77_c.jpg,,sunflower,
flowers/sunflower/6349895429_f6d171ec60_c.jpg,,sunflower,
flowers/tulip/13982237316_f092f1213e_c.jpg,,tulip,
flowers/tulip/14219781862_c4cdf4c539_c.jpg,,tulip,
flowers/tulip/16567621146_aaaa8ff685_c.jpg,,tulip,
flowers/tulip/16891607282_be0102719a_c.jpg,,tulip,
flowers/tulip/17000063538_a272e0f586_c.jpg,,tulip,
flowers/tulip/17058580469_863a99df14_c.jpg,,tulip,
flowers/tulip/27122968901_f2c81e29a7_c.jpg,,tulip,
flowers/tulip/28871011900_29dac9189e_c.jpg,,tulip,
flowers/tulip/5420935062_ef7f1c0ba7_c.jpg,,tulip,
flowers/tulip/5691760887_eaab5f14d2_c.jpg,,tulip,
flowers/tulip/8648078282_0edec6376c_c.jpg,,tulip,
flowers/water_lily/2084000855_13cbd4a5ca_c.jpg,,water_lily,
flowers/water_lily/2660738370_de833be4eb_c.jpg,,water_lily,
flowers/water_lily/28498772786_64cdff27df_c.jpg,,water_lily,
flowers/water_lily/29202330620_a859379d87_c.jpg,,water_lily,
flowers/water_lily/2938673186_39108ecc34_c.jpg,,water_lily,
flowers/water_lily/29411642815_810edf1a96_c.jpg,,water_lily,
flowers/water_lily/29446172605_95922319dd_c.jpg,,water_lily,
flowers/water_lily/31554949686_88610c6b2d_c.jpg,,water_lily,
flowers/water_lily/44309187381_77c4474fdc_c.jpg,,water_lily,
flowers/water_lily/48523454967_5dbccd0f98_c.jpg,,water_lily,
flowers/water_lily/48923948327_937ece110b_c.jpg,,water_lily,
flowers/water_lily/50161490998_5d21e37897_c.jpg,,water_lily,
flowers/water_lily/50264166747_982050b241_c.jpg,,water_lily,
flowers/water_lily/50282712783_51466984c8_c.jpg,,water_lily,
flowers/water_lily/50384107421_3076cbe284_c.jpg,,water_lily,
flowers/water_lily/50829451156_f81e430877_c.jpg,,water_lily,
flowers/water_lily/50866256638_573d2fcabf_c.jpg,,water_lily,
flowers/water_lily/51256600736_6de0058116_c.jpg,,water_lily,
flowers/water_lily/51689222440_94f55c2de8_c.jpg,,water_lily,
